-- phpMyAdmin SQL Dump
-- version 5.1.1
-- https://www.phpmyadmin.net/
--
-- Host: 127.0.0.1
-- Generation Time: Nov 16, 2021 at 06:33 AM
-- Server version: 10.4.20-MariaDB
-- PHP Version: 8.0.9

SET SQL_MODE = "NO_AUTO_VALUE_ON_ZERO";
START TRANSACTION;
SET time_zone = "+00:00";


/*!40101 SET @OLD_CHARACTER_SET_CLIENT=@@CHARACTER_SET_CLIENT */;
/*!40101 SET @OLD_CHARACTER_SET_RESULTS=@@CHARACTER_SET_RESULTS */;
/*!40101 SET @OLD_COLLATION_CONNECTION=@@COLLATION_CONNECTION */;
/*!40101 SET NAMES utf8mb4 */;

--
-- Database: `foodies`
--

-- --------------------------------------------------------

--
-- Table structure for table `admin`
--

CREATE TABLE `admin` (
  `adm_id` int(222) NOT NULL,
  `username` varchar(222) NOT NULL,
  `password` varchar(222) NOT NULL,
  `email` varchar(222) NOT NULL,
  `code` varchar(222) NOT NULL,
  `date` timestamp NOT NULL DEFAULT current_timestamp() ON UPDATE current_timestamp()
) ENGINE=InnoDB DEFAULT CHARSET=latin1;

--
-- Dumping data for table `admin`
--

INSERT INTO `admin` (`adm_id`, `username`, `password`, `email`, `code`, `date`) VALUES
(6, 'admin', '81dc9bdb52d04dc20036dbd8313ed055', 'admin@gmail.com', '', '2018-04-09 07:36:18'),
(8, 'abc888', '6d0361d5777656072438f6e314a852bc', 'abc@gmail.com', 'QX5ZMN', '2018-04-13 18:12:30');

-- --------------------------------------------------------

--
-- Table structure for table `admin_codes`
--

CREATE TABLE `admin_codes` (
  `id` int(222) NOT NULL,
  `codes` varchar(6) NOT NULL
) ENGINE=InnoDB DEFAULT CHARSET=latin1;

--
-- Dumping data for table `admin_codes`
--

INSERT INTO `admin_codes` (`id`, `codes`) VALUES
(1, 'QX5ZMN'),
(2, 'QFE6ZM'),
(3, 'QMZR92'),
(4, 'QPGIOV'),
(5, 'QSTE52'),
(6, 'QMTZ2J');

-- --------------------------------------------------------

--
-- Table structure for table `dishes`
--

CREATE TABLE `dishes` (
  `d_id` int(222) NOT NULL,
  `rs_id` int(222) NOT NULL,
  `title` varchar(222) NOT NULL,
  `slogan` varchar(222) NOT NULL,
  `price` decimal(10,2) NOT NULL,
  `img` varchar(222) NOT NULL
) ENGINE=InnoDB DEFAULT CHARSET=latin1;

--
-- Dumping data for table `dishes`
--

INSERT INTO `dishes` (`d_id`, `rs_id`, `title`, `slogan`, `price`, `img`) VALUES
(18, 54, 'Pav-Bhaji', 'Indian fast food consisting of a spicy vegetable gravy served with soft dinner rolls.', '120.00', '619340744ddfe.jpg'),
(19, 55, 'Idli-Sambar', 'a type of savoury rice cake, originating from the Indian subcontinent, popular as breakfast foods in Southern India', '60.00', '618a45f22da06.jpg'),
(20, 56, 'Masala-Dosa', 'A dosa is a thin pancake or crepe originating from South India', '80.00', '618a465c80de7.jpg'),
(21, 57, 'Noodles', 'Hakka noodles are Indian-Chinese style noodles made with unleavened refined wheat flour.', '220.00', '618a4763e6fe9.jpg'),
(22, 58, 'Pizza', 'a dish made typically of flattened bread dough spread with a savory mixture usually including tomatoes and cheese and often other toppings and baked.', '300.00', '618a4848e2e3f.jpg'),
(23, 59, 'Bhel', 'Bhelpuri is a savoury snack originating from India, and is also a type of chaat. It is made of puffed rice, vegetables and a tangy tamarind sauce, and has a crunchy texture', '50.00', '61933ed95b27a.jpg');

-- --------------------------------------------------------

--
-- Table structure for table `remark`
--

CREATE TABLE `remark` (
  `id` int(11) NOT NULL,
  `frm_id` int(11) NOT NULL,
  `status` varchar(255) NOT NULL,
  `remark` mediumtext NOT NULL,
  `remarkDate` timestamp NOT NULL DEFAULT current_timestamp()
) ENGINE=InnoDB DEFAULT CHARSET=latin1;

--
-- Dumping data for table `remark`
--

INSERT INTO `remark` (`id`, `frm_id`, `status`, `remark`, `remarkDate`) VALUES
(62, 32, 'in process', 'hi', '2018-04-18 17:35:52'),
(63, 32, 'closed', 'cc', '2018-04-18 17:36:46'),
(64, 32, 'in process', 'fff', '2018-04-18 18:01:37'),
(65, 32, 'closed', 'its delv', '2018-04-18 18:08:55'),
(66, 34, 'in process', 'on a way', '2018-04-18 18:56:32'),
(67, 35, 'closed', 'ok', '2018-04-18 18:59:08'),
(68, 37, 'in process', 'on the way!', '2018-04-18 19:50:06'),
(69, 37, 'rejected', 'if admin cancel for any reason this box is for remark only for buter perposes', '2018-04-18 19:51:19'),
(70, 37, 'closed', 'delivered success', '2018-04-18 19:51:50'),
(71, 40, 'closed', 'completed', '2021-11-09 08:45:21');

-- --------------------------------------------------------

--
-- Table structure for table `restaurant`
--

CREATE TABLE `restaurant` (
  `rs_id` int(222) NOT NULL,
  `c_id` int(222) NOT NULL,
  `title` varchar(222) NOT NULL,
  `email` varchar(222) NOT NULL,
  `phone` varchar(222) NOT NULL,
  `url` varchar(222) NOT NULL,
  `o_hr` varchar(222) NOT NULL,
  `c_hr` varchar(222) NOT NULL,
  `o_days` varchar(222) NOT NULL,
  `address` text NOT NULL,
  `image` text NOT NULL,
  `date` timestamp NOT NULL DEFAULT current_timestamp() ON UPDATE current_timestamp()
) ENGINE=InnoDB DEFAULT CHARSET=latin1;

--
-- Dumping data for table `restaurant`
--

INSERT INTO `restaurant` (`rs_id`, `c_id`, `title`, `email`, `phone`, `url`, `o_hr`, `c_hr`, `o_days`, `address`, `image`, `date`) VALUES
(54, 13, 'Geeta', 'Geeta.gmail.com', '9874563210', 'www.geeta.com', '11am', '8pm', 'mon-sat', 'Nigdi', '618a41206a312.jpg', '2021-11-09 09:36:32'),
(55, 12, 'Vaishali', 'vaishali@gmail.com', '8974563241', 'www.vaishali.com', '10am', '8pm', '24hr-x7', 'FC Road,Pune', '618a417ef1a8a.jpg', '2021-11-09 09:38:06'),
(56, 12, 'Wadeshwar', 'wadeshwar@gmail.com', '8974563241', 'www.wadeshwar.com', '9am', '8pm', '24hr-x7', 'FC Road', '618a426fac1c2.jpg', '2021-11-09 09:42:07'),
(57, 13, 'Blue Water', 'bluewater@gmail.com', '9874563214', 'www.bluewater.com', '10am', '8pm', 'mon-sat', 'Ravet', '618a432a17155.jpg', '2021-11-09 09:45:14'),
(58, 15, 'Dominos', 'dominos@gmail.com', '8974562543', 'www.dominos.com', '10am', '8pm', '24hr-x7', 'Hingewadi', '618a47f3e706b.jpg', '2021-11-09 10:05:39'),
(59, 14, 'Kalyan Bhel', 'kalyan@gmail.com', '7896412365', 'www.kalyan.in', '10am', '6pm', 'mon-fri', 'Baner', '61933ebaafe54.jpg', '2021-11-16 05:16:42');

-- --------------------------------------------------------

--
-- Table structure for table `res_category`
--

CREATE TABLE `res_category` (
  `c_id` int(222) NOT NULL,
  `c_name` varchar(222) NOT NULL,
  `date` timestamp NOT NULL DEFAULT current_timestamp() ON UPDATE current_timestamp()
) ENGINE=InnoDB DEFAULT CHARSET=latin1;

--
-- Dumping data for table `res_category`
--

INSERT INTO `res_category` (`c_id`, `c_name`, `date`) VALUES
(11, 'chinese', '2021-10-07 17:09:31'),
(12, 'South-Indian', '2021-11-09 09:31:29'),
(13, 'Indian', '2021-11-09 09:31:47'),
(14, 'Chat', '2021-11-09 09:31:55'),
(15, 'Italian', '2021-11-09 09:32:06');

-- --------------------------------------------------------

--
-- Table structure for table `users`
--

CREATE TABLE `users` (
  `u_id` int(222) NOT NULL,
  `username` varchar(222) NOT NULL,
  `f_name` varchar(222) NOT NULL,
  `l_name` varchar(222) NOT NULL,
  `email` varchar(222) NOT NULL,
  `phone` varchar(222) NOT NULL,
  `password` varchar(222) NOT NULL,
  `address` text NOT NULL,
  `status` int(222) NOT NULL DEFAULT 1,
  `date` timestamp NOT NULL DEFAULT current_timestamp() ON UPDATE current_timestamp()
) ENGINE=InnoDB DEFAULT CHARSET=latin1;

--
-- Dumping data for table `users`
--

INSERT INTO `users` (`u_id`, `username`, `f_name`, `l_name`, `email`, `phone`, `password`, `address`, `status`, `date`) VALUES
(33, 'ketki_07', 'Ketki', 'Bhale', 'Kat.ketki@gmail.com', '+919561061067', 'e10adc3949ba59abbe56e057f20f883e', 'Flat no. 7, Vimalkunj apt. , Khadkeshwar\r\nAurangabad', 1, '2021-10-07 16:34:08'),
(34, 'gayatri', 'gayatri', 'bha', 'gayatri@gmail.com', '+919561061067', 'e10adc3949ba59abbe56e057f20f883e', 'Flat no. 7, Vimalkunj apt. , Khadkeshwar\r\nAurangabad', 1, '2021-11-09 08:37:13');

-- --------------------------------------------------------

--
-- Table structure for table `users_orders`
--

CREATE TABLE `users_orders` (
  `o_id` int(222) NOT NULL,
  `u_id` int(222) NOT NULL,
  `title` varchar(222) NOT NULL,
  `quantity` int(222) NOT NULL,
  `price` decimal(10,2) NOT NULL,
  `status` varchar(222) DEFAULT NULL,
  `date` timestamp NOT NULL DEFAULT current_timestamp() ON UPDATE current_timestamp()
) ENGINE=InnoDB DEFAULT CHARSET=latin1;

--
-- Dumping data for table `users_orders`
--

INSERT INTO `users_orders` (`o_id`, `u_id`, `title`, `quantity`, `price`, `status`, `date`) VALUES
(37, 31, 'jklmno', 5, '17.99', 'closed', '2018-04-18 19:51:50'),
(38, 31, 'Red Robins Chick on a Stick', 2, '34.99', NULL, '2018-04-18 19:52:34');

--
-- Indexes for dumped tables
--

--
-- Indexes for table `admin`
--
ALTER TABLE `admin`
  ADD PRIMARY KEY (`adm_id`);

--
-- Indexes for table `admin_codes`
--
ALTER TABLE `admin_codes`
  ADD PRIMARY KEY (`id`);

--
-- Indexes for table `dishes`
--
ALTER TABLE `dishes`
  ADD PRIMARY KEY (`d_id`);

--
-- Indexes for table `remark`
--
ALTER TABLE `remark`
  ADD PRIMARY KEY (`id`);

--
-- Indexes for table `restaurant`
--
ALTER TABLE `restaurant`
  ADD PRIMARY KEY (`rs_id`);

--
-- Indexes for table `res_category`
--
ALTER TABLE `res_category`
  ADD PRIMARY KEY (`c_id`);

--
-- Indexes for table `users`
--
ALTER TABLE `users`
  ADD PRIMARY KEY (`u_id`);

--
-- Indexes for table `users_orders`
--
ALTER TABLE `users_orders`
  ADD PRIMARY KEY (`o_id`);

--
-- AUTO_INCREMENT for dumped tables
--

--
-- AUTO_INCREMENT for table `admin`
--
ALTER TABLE `admin`
  MODIFY `adm_id` int(222) NOT NULL AUTO_INCREMENT, AUTO_INCREMENT=9;

--
-- AUTO_INCREMENT for table `admin_codes`
--
ALTER TABLE `admin_codes`
  MODIFY `id` int(222) NOT NULL AUTO_INCREMENT, AUTO_INCREMENT=7;

--
-- AUTO_INCREMENT for table `dishes`
--
ALTER TABLE `dishes`
  MODIFY `d_id` int(222) NOT NULL AUTO_INCREMENT, AUTO_INCREMENT=24;

--
-- AUTO_INCREMENT for table `remark`
--
ALTER TABLE `remark`
  MODIFY `id` int(11) NOT NULL AUTO_INCREMENT, AUTO_INCREMENT=72;

--
-- AUTO_INCREMENT for table `restaurant`
--
ALTER TABLE `restaurant`
  MODIFY `rs_id` int(222) NOT NULL AUTO_INCREMENT, AUTO_INCREMENT=60;

--
-- AUTO_INCREMENT for table `res_category`
--
ALTER TABLE `res_category`
  MODIFY `c_id` int(222) NOT NULL AUTO_INCREMENT, AUTO_INCREMENT=16;

--
-- AUTO_INCREMENT for table `users`
--
ALTER TABLE `users`
  MODIFY `u_id` int(222) NOT NULL AUTO_INCREMENT, AUTO_INCREMENT=35;

--
-- AUTO_INCREMENT for table `users_orders`
--
ALTER TABLE `users_orders`
  MODIFY `o_id` int(222) NOT NULL AUTO_INCREMENT, AUTO_INCREMENT=41;
COMMIT;

/*!40101 SET CHARACTER_SET_CLIENT=@OLD_CHARACTER_SET_CLIENT */;
/*!40101 SET CHARACTER_SET_RESULTS=@OLD_CHARACTER_SET_RESULTS */;
/*!40101 SET COLLATION_CONNECTION=@OLD_COLLATION_CONNECTION */;
